Genre,Feature,Statistic,P-value,Decision
dark_minimal_techno,loudness,0.6339443922042847,6.433537036443226e-10,Fail
dark_minimal_techno,dissonance_mean,0.8977450132369995,0.00040512383566237986,Fail
dark_minimal_techno,dynamic_complexity,0.9004960060119629,0.000498965207953006,Fail
dark_minimal_techno,pitch_salience_mean,0.8649576306343079,4.033587174490094e-05,Fail
dark_minimal_techno,spectral_centroid_mean,0.47583115100860596,4.108168232680454e-12,Fail
dark_minimal_techno,spectral_complexity_mean,0.9773730635643005,0.44727054238319397,Pass
dark_minimal_techno,spectral_decrease_mean,0.9444109797477722,0.02020832523703575,Fail
dark_minimal_techno,spectral_energy_mean,0.9852764010429382,0.7834235429763794,Pass
dark_minimal_techno,spectral_energyband_high_mean,0.9851889610290527,0.779699444770813,Pass
dark_minimal_techno,spectral_energyband_low_mean,0.9014102220535278,0.000535034341737628,Fail
dark_minimal_techno,spectral_energyband_middle_mean,0.9826785326004028,0.6690402030944824,Pass
dark_minimal_techno,spectral_entropy_mean,0.9307106137275696,0.005879472941160202,Fail
dark_minimal_techno,spectral_kurtosis_mean,0.7115349769592285,1.3409251486962148e-08,Fail
dark_minimal_techno,spectral_rms_mean,0.9812391400337219,0.6052761673927307,Pass
dark_minimal_techno,spectral_rolloff_mean,0.9002582430839539,0.0004900122876279056,Fail
dark_minimal_techno,spectral_skewness_mean,0.9189110994338989,0.002154131419956684,Fail
dark_minimal_techno,spectral_spread_mean,0.9452133178710938,0.02177167311310768,Fail
dark_minimal_techno,zerocr_mean,0.9333866834640503,0.007439755834639072,Fail
dark_minimal_techno,mfcc1_mean,0.9570988416671753,0.06720573455095291,Pass
dark_minimal_techno,mfcc2_mean,0.9799075126647949,0.5480678677558899,Pass
dark_minimal_techno,mfcc3_mean,0.983153760433197,0.690262496471405,Pass
dark_minimal_techno,mfcc4_mean,0.988469123840332,0.904066264629364,Pass
dark_minimal_techno,mfcc5_mean,0.9703290462493896,0.23867779970169067,Pass
dark_minimal_techno,mfcc6_mean,0.954923689365387,0.05453307181596756,Pass
dark_minimal_techno,mfcc7_mean,0.9672256112098694,0.17807796597480774,Pass
dark_minimal_techno,mfcc8_mean,0.9769977927207947,0.4334316849708557,Pass
dark_minimal_techno,mfcc9_mean,0.9316901564598083,0.006406349595636129,Fail
dark_minimal_techno,mfcc10_mean,0.9737246036529541,0.32585954666137695,Pass
dark_minimal_techno,mfcc11_mean,0.9854609966278076,0.7912359833717346,Pass
dark_minimal_techno,mfcc12_mean,0.9574001431465149,0.06918353587388992,Pass
dark_minimal_techno,mfcc13_mean,0.962618350982666,0.11444437503814697,Pass
dark_minimal_techno,chroma1_mean,0.8857822418212891,0.0001683984010014683,Fail
dark_minimal_techno,chroma2_mean,0.8786401152610779,0.00010177455260418355,Fail
dark_minimal_techno,chroma3_mean,0.8648700714111328,4.010391057818197e-05,Fail
dark_minimal_techno,chroma4_mean,0.8194162845611572,2.5316169285360957e-06,Fail
dark_minimal_techno,chroma5_mean,0.8110011219978333,1.5865512068558019e-06,Fail
dark_minimal_techno,chroma6_mean,0.7954419851303101,6.89561829858576e-07,Fail
dark_minimal_techno,chroma7_mean,0.7990215420722961,8.324573741447239e-07,Fail
dark_minimal_techno,chroma8_mean,0.8728212118148804,6.824380398029462e-05,Fail
dark_minimal_techno,chroma9_mean,0.849918007850647,1.5392097338917665e-05,Fail
dark_minimal_techno,chroma10_mean,0.7843048572540283,3.884986199409468e-07,Fail
dark_minimal_techno,chroma11_mean,0.9265551567077637,0.0041025918908417225,Fail
dark_minimal_techno,chroma12_mean,0.9737942218780518,0.32790079712867737,Pass
dark_minimal_techno,bpm,0.9213882088661194,0.0026476504281163216,Fail
dark_minimal_techno,danceability,0.8468338847160339,1.2713991054624785e-05,Fail
dark_minimal_techno,onset_rate,0.9456418752670288,0.022657865658402443,Fail
dark_minimal_techno,chords_changes_rate,0.9810055494308472,0.5950804948806763,Pass
dark_minimal_techno,chords_number_rate,0.9624818563461304,0.11294805258512497,Pass
dark_minimal_techno,chord,0.8774116039276123,9.346662409370765e-05,Fail
dark_minimal_techno,chord_strength,0.9515388607978821,0.039474453777074814,Fail
dark_minimal_techno,chord_scale,0.6344941854476929,6.563180554586268e-10,Fail
dark_minimal_techno,key,0.8491538763046265,1.4677271792606916e-05,Fail
dark_minimal_techno,key_scale,0.5301932692527771,2.0389833918499356e-11,Fail
dark_minimal_techno,key_strength,0.9674826264381409,0.18248794972896576,Pass
dark_minimal_techno,meter,0.40421241521835327,5.893204218891668e-13,Fail
dark_minimal_techno,pulse_clarity_mean,0.9029123783111572,0.000600418308749795,Fail
dark_minimal_techno,pulse_clarity_low_mean,0.9553797245025635,0.05697127431631088,Pass
dark_minimal_techno,pulse_clarity_middle_mean,0.78621906042099,4.282168504232686e-07,Fail
dark_minimal_techno,pulse_clarity_high_mean,0.7969298362731934,7.455326453964517e-07,Fail
dark_minimal_techno,attack_slope_mean,0.9672160148620605,0.17791540920734406,Pass
dark_minimal_techno,attack_slope_low_mean,nan,1.0,Pass
dark_minimal_techno,attack_slope_middle_mean,0.9761982560157776,0.4049679636955261,Pass
dark_minimal_techno,attack_slope_high_mean,0.9323920011520386,0.006814259570091963,Fail
dark_minimal_techno,spectral_flatness_mean,0.8776252865791321,9.485860209679231e-05,Fail
dark_minimal_techno,spectral_flatness_low_mean,0.5459412336349487,3.3214729577846214e-11,Fail
dark_minimal_techno,spectral_flatness_middle_mean,0.9099467992782593,0.0010409976821392775,Fail
dark_minimal_techno,spectral_flatness_high_mean,0.9488311409950256,0.030550211668014526,Fail
dark_minimal_techno,entropia_clarity,0.4170142412185669,8.234150123895279e-13,Fail
dark_minimal_techno,entropia_clarity_low,0.8744761943817139,7.638744136784226e-05,Fail
dark_minimal_techno,entropia_clarity_middle,0.9385249614715576,0.011783826164901257,Fail
dark_minimal_techno,entropia_clarity_high,0.7644104957580566,1.4548068349995447e-07,Fail
dark_minimal_techno,attack_time,0.9551901817321777,0.05594465136528015,Pass
dark_minimal_techno,attack_time_low_mean,0.9383014440536499,0.011547911912202835,Fail
dark_minimal_techno,attack_time_middle_mean,0.9090639352798462,0.0009705947013571858,Fail
dark_minimal_techno,attack_time_high_mean,0.7990654706954956,8.343923809661646e-07,Fail
dark_minimal_techno,spectral_flux_mean,0.949691653251648,0.03313460201025009,Fail
dark_minimal_techno,spectral_flux_low_mean,0.9481043219566345,0.028530292212963104,Fail
dark_minimal_techno,spectral_flux_middle_mean,0.9461789727210999,0.023821666836738586,Fail
dark_minimal_techno,spectral_flux_high_mean,0.9537564516067505,0.048767395317554474,Fail
psytrance,loudness,0.7358140349388123,3.8605200813890406e-08,Fail
psytrance,dissonance_mean,0.9400553107261658,0.013540662825107574,Fail
psytrance,dynamic_complexity,0.9787288904190063,0.499686598777771,Pass
psytrance,pitch_salience_mean,0.9710898399353027,0.2561805844306946,Pass
psytrance,spectral_centroid_mean,0.3886675238609314,3.9528504167801737e-13,Fail
psytrance,spectral_complexity_mean,0.9869890809059143,0.8525728583335876,Pass
psytrance,spectral_decrease_mean,0.9854372143745422,0.7902316451072693,Pass
psytrance,spectral_energy_mean,0.8733869791030884,7.091929001035169e-05,Fail
psytrance,spectral_energyband_high_mean,0.8782066702842712,9.875744581222534e-05,Fail
psytrance,spectral_energyband_low_mean,0.9313830137252808,0.0062360092997550964,Fail
psytrance,spectral_energyband_middle_mean,0.8883893489837646,0.0002031367621384561,Fail
psytrance,spectral_entropy_mean,0.967738151550293,0.18697497248649597,Pass
psytrance,spectral_kurtosis_mean,0.8789831399917603,0.00010423153435112908,Fail
psytrance,spectral_rms_mean,0.9513705372810364,0.038848135620355606,Fail
psytrance,spectral_rolloff_mean,0.9758304357528687,0.3923446536064148,Pass
psytrance,spectral_skewness_mean,0.9180247783660889,0.002002005698159337,Fail
psytrance,spectral_spread_mean,0.9823695421218872,0.6552601456642151,Pass
psytrance,zerocr_mean,0.9817654490470886,0.6284344792366028,Pass
psytrance,mfcc1_mean,0.9762036800384521,0.40515637397766113,Pass
psytrance,mfcc2_mean,0.9412903785705566,0.015157656744122505,Fail
psytrance,mfcc3_mean,0.97028648853302,0.23773092031478882,Pass
psytrance,mfcc4_mean,0.9711701273918152,0.2580927908420563,Pass
psytrance,mfcc5_mean,0.9050016403198242,0.0007057562470436096,Fail
psytrance,mfcc6_mean,0.991041898727417,0.9673717617988586,Pass
psytrance,mfcc7_mean,0.9905393123626709,0.9579236507415771,Pass
psytrance,mfcc8_mean,0.9679077863693237,0.19001097977161407,Pass
psytrance,mfcc9_mean,0.9867472052574158,0.8433324098587036,Pass
psytrance,mfcc10_mean,0.9677170515060425,0.186600461602211,Pass
psytrance,mfcc11_mean,0.9496185183525085,0.03290645405650139,Fail
psytrance,mfcc12_mean,0.9822048544883728,0.6479260921478271,Pass
psytrance,mfcc13_mean,0.9766401052474976,0.4205252528190613,Pass
psytrance,chroma1_mean,0.7553889155387878,9.475137119352439e-08,Fail
psytrance,chroma2_mean,0.8339033126831055,5.831061116623459e-06,Fail
psytrance,chroma3_mean,0.6519614458084106,1.2503528212803872e-09,Fail
psytrance,chroma4_mean,0.5690622329711914,6.947128983192385e-11,Fail
psytrance,chroma5_mean,0.7442530393600464,5.6555059302354493e-08,Fail
psytrance,chroma6_mean,0.7763073444366455,2.6011011300397513e-07,Fail
psytrance,chroma7_mean,0.7346348762512207,3.662195169340521e-08,Fail
psytrance,chroma8_mean,0.8506177067756653,1.607898775546346e-05,Fail
psytrance,chroma9_mean,0.7689999341964722,1.8164206494475366e-07,Fail
psytrance,chroma10_mean,0.6451278924942017,9.69256008787056e-10,Fail
psytrance,chroma11_mean,0.7009387612342834,8.603611156843272e-09,Fail
psytrance,chroma12_mean,0.8872581720352173,0.0001872140564955771,Fail
psytrance,bpm,0.975213348865509,0.3718414008617401,Pass
psytrance,danceability,0.78875732421875,4.876060870628862e-07,Fail
psytrance,onset_rate,0.9410282969474792,0.014798407442867756,Fail
psytrance,chords_changes_rate,0.9930080771446228,0.9911531805992126,Pass
psytrance,chords_number_rate,0.9641914367675781,0.13316887617111206,Pass
psytrance,chord,0.8973239064216614,0.00039249390829354525,Fail
psytrance,chord_strength,0.9836717844009399,0.7133505344390869,Pass
psytrance,chord_scale,0.6362418532371521,6.993863266302469e-10,Fail
psytrance,key,0.8567906618118286,2.37477506743744e-05,Fail
psytrance,key_scale,0.5879474878311157,1.2953672856585996e-10,Fail
psytrance,key_strength,0.9596377015113831,0.08583889156579971,Pass
psytrance,meter,0.3150503635406494,6.544213819936404e-14,Fail
psytrance,pulse_clarity_mean,0.844117283821106,1.0762239071482327e-05,Fail
psytrance,pulse_clarity_low_mean,0.9879077672958374,0.8856467008590698,Pass
psytrance,pulse_clarity_middle_mean,0.8750135898590088,7.924826786620542e-05,Fail
psytrance,pulse_clarity_high_mean,0.946466863155365,0.02447090670466423,Fail
psytrance,attack_slope_mean,0.9705676436424255,0.24404677748680115,Pass
psytrance,attack_slope_low_mean,0.9788585901260376,0.5048919320106506,Pass
psytrance,attack_slope_middle_mean,0.9794618487358093,0.5294942259788513,Pass
psytrance,attack_slope_high_mean,0.9621467590332031,0.1093561127781868,Pass
psytrance,spectral_flatness_mean,0.8736730813980103,7.231430936371908e-05,Fail
psytrance,spectral_flatness_low_mean,0.30747824907302856,5.482837491313508e-14,Fail
psytrance,spectral_flatness_middle_mean,0.8624721765518188,3.427121919230558e-05,Fail
psytrance,spectral_flatness_high_mean,0.9787546396255493,0.500717043876648,Pass
psytrance,entropia_clarity,0.3207167387008667,7.47773764024802e-14,Fail
psytrance,entropia_clarity_low,0.7175407409667969,1.732419896427473e-08,Fail
psytrance,entropia_clarity_middle,0.8406252861022949,8.706845619599335e-06,Fail
psytrance,entropia_clarity_high,0.8568542003631592,2.3844368115533143e-05,Fail
psytrance,attack_time,0.9165717363357544,0.0017766354139894247,Fail
psytrance,attack_time_low_mean,0.9483304023742676,0.029143307358026505,Fail
psytrance,attack_time_middle_mean,0.9581907987594604,0.07465891540050507,Pass
psytrance,attack_time_high_mean,0.9779647588729858,0.4696901738643646,Pass
psytrance,spectral_flux_mean,0.9668591618537903,0.17196564376354218,Pass
psytrance,spectral_flux_low_mean,0.9722343683242798,0.28467148542404175,Pass
psytrance,spectral_flux_middle_mean,0.988281786441803,0.8980822563171387,Pass
psytrance,spectral_flux_high_mean,0.9726819396018982,0.2965441942214966,Pass
progressive_house,loudness,0.8508754968643188,1.6340134607162327e-05,Fail
progressive_house,dissonance_mean,0.9586670398712158,0.07816668599843979,Pass
progressive_house,dynamic_complexity,0.9179677367210388,0.001992604462429881,Fail
progressive_house,pitch_salience_mean,0.8630388379096985,3.556352749001235e-05,Fail
progressive_house,spectral_centroid_mean,0.5784115791320801,9.434770326111064e-11,Fail
progressive_house,spectral_complexity_mean,0.9195928573608398,0.0022794310934841633,Fail
progressive_house,spectral_decrease_mean,0.9908959269523621,0.9647770524024963,Pass
progressive_house,spectral_energy_mean,0.9764919877052307,0.4152625501155853,Pass
progressive_house,spectral_energyband_high_mean,0.9773250818252563,0.4454839825630188,Pass
progressive_house,spectral_energyband_low_mean,0.9573000073432922,0.06851998716592789,Pass
progressive_house,spectral_energyband_middle_mean,0.9821586012840271,0.6458689570426941,Pass
progressive_house,spectral_entropy_mean,0.9629724025726318,0.1184186115860939,Pass
progressive_house,spectral_kurtosis_mean,0.3570302128791809,1.7923119585705471e-13,Fail
progressive_house,spectral_rms_mean,0.9923858046531677,0.98574298620224,Pass
progressive_house,spectral_rolloff_mean,0.8655713200569153,4.2001742258435115e-05,Fail
progressive_house,spectral_skewness_mean,0.6678667664527893,2.2914314889987963e-09,Fail
progressive_house,spectral_spread_mean,0.9641389846801758,0.132498636841774,Pass
progressive_house,zerocr_mean,0.9131051898002625,0.0013404524652287364,Fail
progressive_house,mfcc1_mean,0.9493509531021118,0.032085441052913666,Fail
progressive_house,mfcc2_mean,0.9715444445610046,0.2671799957752228,Pass
progressive_house,mfcc3_mean,0.9617542624473572,0.10529201477766037,Pass
progressive_house,mfcc4_mean,0.972541093826294,0.292762815952301,Pass
progressive_house,mfcc5_mean,0.896683394908905,0.00037407560739666224,Fail
progressive_house,mfcc6_mean,0.9377126097679138,0.010949869640171528,Fail
progressive_house,mfcc7_mean,0.9573695659637451,0.06898032128810883,Pass
progressive_house,mfcc8_mean,0.986675500869751,0.8405563831329346,Pass
progressive_house,mfcc9_mean,0.9916335344314575,0.976660966873169,Pass
progressive_house,mfcc10_mean,0.9669435620307922,0.17335547506809235,Pass
progressive_house,mfcc11_mean,0.9793182611465454,0.5235794186592102,Pass
progressive_house,mfcc12_mean,0.972275972366333,0.2857564687728882,Pass
progressive_house,mfcc13_mean,0.9792072772979736,0.5190327167510986,Pass
progressive_house,chroma1_mean,0.823279857635498,3.150524889861117e-06,Fail
progressive_house,chroma2_mean,0.7878060340881348,4.643897852929513e-07,Fail
progressive_house,chroma3_mean,0.8534611463546753,1.922218143590726e-05,Fail
progressive_house,chroma4_mean,0.6554802656173706,1.4273873194525777e-09,Fail
progressive_house,chroma5_mean,0.6588839292526245,1.6238199673779263e-09,Fail
progressive_house,chroma6_mean,0.7842555642127991,3.875277059250948e-07,Fail
progressive_house,chroma7_mean,0.6903578042984009,5.5790696507074244e-09,Fail
progressive_house,chroma8_mean,0.7040659189224243,9.797059163929589e-09,Fail
progressive_house,chroma9_mean,0.8605719804763794,3.0288181733340025e-05,Fail
progressive_house,chroma10_mean,0.8634105324745178,3.643901436589658e-05,Fail
progressive_house,chroma11_mean,0.8249118328094482,3.4582576518005226e-06,Fail
progressive_house,chroma12_mean,0.8003134727478027,8.91436968686321e-07,Fail
progressive_house,bpm,0.865669846534729,4.2275791201973334e-05,Fail
progressive_house,danceability,0.9080313444137573,0.0008945881272666156,Fail
progressive_house,onset_rate,0.9541687369346619,0.05072883889079094,Pass
progressive_house,chords_changes_rate,0.9661902189254761,0.1613202840089798,Pass
progressive_house,chords_number_rate,0.9434463977813721,0.018482381477952003,Fail
progressive_house,chord,0.9191465973854065,0.002196564106270671,Fail
progressive_house,chord_strength,0.9247065782546997,0.0035033910535275936,Fail
progressive_house,chord_scale,0.5623590350151062,5.593799382030973e-11,Fail
progressive_house,key,0.8656734824180603,4.228606849210337e-05,Fail
progressive_house,key_scale,0.5879474878311157,1.2953672856585996e-10,Fail
progressive_house,key_strength,0.9809954762458801,0.5946433544158936,Pass
progressive_house,meter,0.6530702710151672,1.3035027501828722e-09,Fail
progressive_house,pulse_clarity_mean,0.5673261880874634,6.566590327050648e-11,Fail
progressive_house,pulse_clarity_low_mean,0.9644134044647217,0.13604190945625305,Pass
progressive_house,pulse_clarity_middle_mean,0.876984179019928,9.074712579604238e-05,Fail
progressive_house,pulse_clarity_high_mean,0.8901500105857849,0.00023083374253474176,Fail
progressive_house,attack_slope_mean,0.9859940409660339,0.8133662343025208,Pass
progressive_house,attack_slope_low_mean,nan,1.0,Pass
progressive_house,attack_slope_middle_mean,0.9788210988044739,0.5033826231956482,Pass
progressive_house,attack_slope_high_mean,0.9596506953239441,0.08594637364149094,Pass
progressive_house,spectral_flatness_mean,0.8671173453330994,4.65291304863058e-05,Fail
progressive_house,spectral_flatness_low_mean,0.6188436150550842,3.747752941318794e-10,Fail
progressive_house,spectral_flatness_middle_mean,0.8712722063064575,6.145035877125338e-05,Fail
progressive_house,spectral_flatness_high_mean,0.9798527956008911,0.5457724928855896,Pass
progressive_house,entropia_clarity,0.5019741654396057,8.742643761716629e-12,Fail
progressive_house,entropia_clarity_low,0.846113383769989,1.2162348866695538e-05,Fail
progressive_house,entropia_clarity_middle,0.847990870475769,1.3655801922141109e-05,Fail
progressive_house,entropia_clarity_high,0.8114069700241089,1.6222616068262141e-06,Fail
progressive_house,attack_time,0.9352253079414368,0.008760055527091026,Fail
progressive_house,attack_time_low_mean,0.9836543798446655,0.7125766277313232,Pass
progressive_house,attack_time_middle_mean,0.8263967633247375,3.7659060581063386e-06,Fail
progressive_house,attack_time_high_mean,0.859702467918396,2.86317244899692e-05,Fail
progressive_house,spectral_flux_mean,0.9680080413818359,0.19182632863521576,Pass
progressive_house,spectral_flux_low_mean,0.9780579805374146,0.47328734397888184,Pass
progressive_house,spectral_flux_middle_mean,0.9931979775428772,0.9924651384353638,Pass
progressive_house,spectral_flux_high_mean,0.9629586935043335,0.11826179921627045,Pass
dubstep,loudness,0.8363228440284729,6.7291971390659455e-06,Fail
dubstep,dissonance_mean,0.7821642756462097,3.4864191889028007e-07,Fail
dubstep,dynamic_complexity,0.8997921943664551,0.00047295214608311653,Fail
dubstep,pitch_salience_mean,0.9297086000442505,0.005387421231716871,Fail
dubstep,spectral_centroid_mean,0.739242672920227,4.504142836481151e-08,Fail
dubstep,spectral_complexity_mean,0.9628384113311768,0.11689869314432144,Pass
dubstep,spectral_decrease_mean,0.9472172260284424,0.026251140981912613,Fail
dubstep,spectral_energy_mean,0.8350418210029602,6.236793979041977e-06,Fail
dubstep,spectral_energyband_high_mean,0.8331171274185181,5.56723080080701e-06,Fail
dubstep,spectral_energyband_low_mean,0.9369164109230042,0.0101923868060112,Fail
dubstep,spectral_energyband_middle_mean,0.8307440876960754,4.844655450142454e-06,Fail
dubstep,spectral_entropy_mean,0.8561855554580688,2.2848184016766027e-05,Fail
dubstep,spectral_kurtosis_mean,0.4288839101791382,1.1280917606298901e-12,Fail
dubstep,spectral_rms_mean,0.9176700115203857,0.0019443302880972624,Fail
dubstep,spectral_rolloff_mean,0.9414808750152588,0.015424531884491444,Fail
dubstep,spectral_skewness_mean,0.7249610424041748,2.3889024092227373e-08,Fail
dubstep,spectral_spread_mean,0.9805572628974915,0.5756949782371521,Pass
dubstep,zerocr_mean,0.9625011086463928,0.11315768957138062,Pass
dubstep,mfcc1_mean,0.8726605176925659,6.750343163730577e-05,Fail
dubstep,mfcc2_mean,0.9583603143692017,0.07588876783847809,Pass
dubstep,mfcc3_mean,0.9689139127731323,0.208991140127182,Pass
dubstep,mfcc4_mean,0.955092191696167,0.055421244353055954,Pass
dubstep,mfcc5_mean,0.9864786863327026,0.8328457474708557,Pass
dubstep,mfcc6_mean,0.852870523929596,1.8519502191338688e-05,Fail
dubstep,mfcc7_mean,0.9435293078422546,0.018624473363161087,Fail
dubstep,mfcc8_mean,0.9613935947418213,0.10169027745723724,Pass
dubstep,mfcc9_mean,0.9672470092773438,0.17844144999980927,Pass
dubstep,mfcc10_mean,0.9613593220710754,0.10135500133037567,Pass
dubstep,mfcc11_mean,0.9855199456214905,0.7937150597572327,Pass
dubstep,mfcc12_mean,0.9724230766296387,0.28962624073028564,Pass
dubstep,mfcc13_mean,0.9658615589141846,0.15632493793964386,Pass
dubstep,chroma1_mean,0.7151211500167847,1.561906870506391e-08,Fail
dubstep,chroma2_mean,0.8141822218894958,1.8903776890510926e-06,Fail
dubstep,chroma3_mean,0.9145134091377258,0.001502170111052692,Fail
dubstep,chroma4_mean,0.8899250626564026,0.00022708275355398655,Fail
dubstep,chroma5_mean,0.9505432844161987,0.03591558709740639,Fail
dubstep,chroma6_mean,0.9633592367172241,0.12291572242975235,Pass
dubstep,chroma7_mean,0.9790859818458557,0.5140885710716248,Pass
dubstep,chroma8_mean,0.9731464385986328,0.30931535363197327,Pass
dubstep,chroma9_mean,0.9747096300125122,0.355734258890152,Pass
dubstep,chroma10_mean,0.9173799753189087,0.0018984798807650805,Fail
dubstep,chroma11_mean,0.8951740264892578,0.00033419468672946095,Fail
dubstep,chroma12_mean,0.9274150729179382,0.004417275078594685,Fail
dubstep,bpm,0.4939865469932556,6.921181509855767e-12,Fail
dubstep,danceability,0.9667597413063049,0.17034205794334412,Pass
dubstep,onset_rate,0.9749990105628967,0.36491891741752625,Pass
dubstep,chords_changes_rate,0.9746808409690857,0.3548297584056854,Pass
dubstep,chords_number_rate,0.9632161259651184,0.12123267352581024,Pass
dubstep,chord,0.8044164180755615,1.1098362620032276e-06,Fail
dubstep,chord_strength,0.9663562178611755,0.16390104591846466,Pass
dubstep,chord_scale,0.6344941854476929,6.563180554586268e-10,Fail
dubstep,key,0.47601449489593506,4.129593368651374e-12,Fail
dubstep,key_scale,0.6315712928771973,5.904013389290697e-10,Fail
dubstep,key_strength,0.924627959728241,0.0034800542052835226,Fail
dubstep,meter,0.7587908506393433,1.1125088406060968e-07,Fail
dubstep,pulse_clarity_mean,0.8009548187255859,9.223406323144445e-07,Fail
dubstep,pulse_clarity_low_mean,0.9663299322128296,0.16349045932292938,Pass
dubstep,pulse_clarity_middle_mean,0.8653697967529297,4.1446779505349696e-05,Fail
dubstep,pulse_clarity_high_mean,0.9433525800704956,0.018322883173823357,Fail
dubstep,attack_slope_mean,0.9594557881355286,0.08434540778398514,Pass
dubstep,attack_slope_low_mean,nan,1.0,Pass
dubstep,attack_slope_middle_mean,0.9615116715431213,0.1028561219573021,Pass
dubstep,attack_slope_high_mean,0.9507275223731995,0.03654820844531059,Fail
dubstep,spectral_flatness_mean,0.8101056814193726,1.51066490161611e-06,Fail
dubstep,spectral_flatness_low_mean,0.4559314250946045,2.3527475540713327e-12,Fail
dubstep,spectral_flatness_middle_mean,0.6631354093551636,1.909853608594858e-09,Fail
dubstep,spectral_flatness_high_mean,0.950291633605957,0.03506955876946449,Fail
dubstep,entropia_clarity,0.6439105272293091,9.265845868355882e-10,Fail
dubstep,entropia_clarity_low,0.7243639826774597,2.3274646210325045e-08,Fail
dubstep,entropia_clarity_middle,0.9119923710823059,0.0012256986228749156,Fail
dubstep,entropia_clarity_high,0.9523583650588989,0.04267561435699463,Fail
dubstep,attack_time,0.8745389580726624,7.671593630220741e-05,Fail
dubstep,attack_time_low_mean,0.9698688983917236,0.22862501442432404,Pass
dubstep,attack_time_middle_mean,0.7784143686294556,2.888630774577905e-07,Fail
dubstep,attack_time_high_mean,0.6636444926261902,1.947501271359897e-09,Fail
dubstep,spectral_flux_mean,0.9568960070610046,0.06590701639652252,Pass
dubstep,spectral_flux_low_mean,0.9707179069519043,0.247483491897583,Pass
dubstep,spectral_flux_middle_mean,0.9616283774375916,0.10402081906795502,Pass
dubstep,spectral_flux_high_mean,0.9597316980361938,0.08662089705467224,Pass
