Class,Feature,B (β),SE,Wald χ²,p-value,CI Lower (95%),CI Upper (95%)
Dark minimal techno,Loudness,-0.5347721731252609,0.054295333370830895,97.00912632116113,6.900851721436498e-23,-0.6411910265320895,-0.4283533197184324
Dark minimal techno,Dissonance,-0.12189498478816806,0.143294490906271,0.7236235416058897,0.3949578879041007,-0.40275218696445925,0.1589622173881231
Dark minimal techno,Dynamic complexity,-0.25414362070461555,0.14298569912179757,3.1591716207307825,0.07550148595962378,-0.5343955909833388,0.02610834957410768
Dark minimal techno,Pitch salience,-0.05572701406183188,0.2667929547650714,0.04362976092171557,0.8345439608581688,-0.5786412054013719,0.4671871772777081
Dark minimal techno,Spectral centroid,-0.054688145390941835,0.09388870725954893,0.33928110394092187,0.5602444765321277,-0.2387100116196577,0.12933372083777406
Dark minimal techno,Spectral complexity,0.15311700067588155,0.28688085552697945,0.2848680167333376,0.5935281532097731,-0.40916947615699817,0.7154034775087612
Dark minimal techno,Spectral decrease,-0.1655895409423848,0.2026299380736162,0.6678187078353413,0.4138131399508279,-0.5627442195666725,0.23156513768190298
Dark minimal techno,Spectral energyband high,0.12977391420132356,0.9271436506888979,0.019592089262087133,0.8886823151907844,-1.6874276411489162,1.9469754695515635
Dark minimal techno,Spectral energyband low,0.16611810569820196,0.1538759161405646,1.165447291345164,0.28033867813423946,-0.1354786899373046,0.4677149013337085
Dark minimal techno,Spectral energyband middle,0.31019938115331086,0.9539524821021366,0.1057373372348781,0.7450503081639275,-1.5595474837668768,2.1799462460734986
Dark minimal techno,Spectral entropy,1.3665619688291772,0.3271861076440005,17.444918708935575,2.9575378489807777e-05,0.7252771978469362,2.007846739811418
Dark minimal techno,Spectral kurtosis,0.04921700211287277,0.16847952075171074,0.08533674553116084,0.7701914061598985,-0.2810028585604803,0.37943686278622585
Dark minimal techno,Spectral rolloff,-0.47043906078908126,0.32177532899571937,2.137476075691365,0.14373820384075486,-1.1011187056206913,0.16024058404252872
Dark minimal techno,Spectral skewness,-0.09817876778160207,0.3353274701046257,0.0857229068270485,0.7696866893822466,-0.7554206091866684,0.5590630736234643
Dark minimal techno,Spectral spread,-0.8165258916253861,0.2179962334605994,14.029491854304183,0.00017996577443726874,-1.243798509208161,-0.3892532740426113
Dark minimal techno,Zerocr,0.5261304582095012,0.38136743531485545,1.9032668181322738,0.1677131135303115,-0.22134971500761547,1.2736106314266178
Dark minimal techno,Mfcc1,-1.422549089167878,0.31969002525948553,19.80050888124168,8.59597879701778e-06,-2.0491415386764698,-0.7959566396592864
Dark minimal techno,Mfcc2,0.37843521303364885,0.23493599817577687,2.5946808521516957,0.10722303604852941,-0.08203934339087382,0.8389097694581715
Dark minimal techno,Mfcc3,0.9697137556128038,0.17391452300060786,31.08961990939843,2.4638545383336156e-08,0.6288412905316124,1.3105862206939953
Dark minimal techno,Mfcc4,-0.20981806617564092,0.13354906601632352,2.4683347063652787,0.11616093807531329,-0.471574235567635,0.05193810321635317
Dark minimal techno,Mfcc5,0.485480775821071,0.10634782136796661,20.839480085955845,4.994278211836986e-06,0.27703904593985645,0.6939225057022855
Dark minimal techno,Bpm,-0.07258539941535955,0.06396923773102607,1.2875265420695672,0.25650427827256506,-0.19796510536817064,0.05279430653745154
Dark minimal techno,Onset rate,-0.16036626003147825,0.07407941592369552,4.686308802811268,0.030403893810202923,-0.30556191524192144,-0.015170604821035022
Dark minimal techno,Chords changes rate,0.46116773812056183,0.06977200163618409,43.68732676261779,3.852585210192896e-11,0.324414614913641,0.5979208613274827
Dark minimal techno,Chords number rate,-0.46848950198755696,0.0746673816635186,39.3675041980537,3.510913999620612e-10,-0.6148375700480534,-0.3221414339270605
Dark minimal techno,Key scale,0.007483815846970686,0.05465662533947432,0.018748242295827063,0.8910906935584286,-0.09964316981839896,0.11461080151234035
Dark minimal techno,Pulse clarity low,-0.4394728587978988,0.15089774907193157,8.482006378305716,0.0035867630520010265,-0.7352324469788847,-0.14371327061691297
Dark minimal techno,Pulse clarity middle,-0.23763551744093667,0.0889441566345681,7.138186000219914,0.007545945324723449,-0.41196606444469014,-0.0633049704371832
Dark minimal techno,Pulse clarity high,0.018900723485006023,0.1590461414627806,0.014122467443303616,0.9054037116793017,-0.2928297137820439,0.330631160752056
Dark minimal techno,Attack slope low,0.3659364874079354,0.0890169640523531,16.89918938753477,3.941841275325083e-05,0.19146323786532332,0.5404097369505474
Dark minimal techno,Attack slope middle,-0.11316906018761315,0.19598562545554954,0.3334317717446503,0.5636452898083284,-0.4973008860804902,0.27096276570526395
Dark minimal techno,Attack slope high,0.9514924433239583,0.20107603504093813,22.39185438209389,2.2231489636113585e-06,0.5573834146437195,1.345601472004197
Dark minimal techno,Spectral flatness low,0.014731958673214834,0.16231826236412167,0.00823732524259614,0.9276835233933877,-0.3034118355604636,0.3328757529068933
Dark minimal techno,Spectral flatness middle,0.11862417947047206,0.14149631084418504,0.702839577562533,0.4018311968756073,-0.1587085897841306,0.3959569487250747
Dark minimal techno,Spectral flatness high,-0.4558535871816667,0.10347859530791005,19.406611151722554,1.0564072750788503e-05,-0.6586716339851704,-0.253035540378163
Dark minimal techno,Attack time low,-0.21018797521380514,0.11499019778378755,3.3411355180326816,0.0675679647237807,-0.43556876287002877,0.015192812442418463
Dark minimal techno,Attack time middle,0.16691552004359816,0.09891923635381296,2.8472914878467193,0.09152801668951087,-0.026966183209875233,0.36079722329707153
Dark minimal techno,Attack time high,0.00437768985920575,0.06833103801307933,0.004104440313433588,0.9489177491135035,-0.12955114464642972,0.13830652436484123
Dark minimal techno,Spectral flux low,0.37105384448430256,0.1122861653867385,10.919968102598268,0.0009513324728503002,0.15097296032629512,0.59113472864231
Dark minimal techno,Spectral flux middle,-0.13990898953298694,0.22560151127741013,0.384598185340163,0.5351525808140758,-0.5820879516367108,0.30226997257073684
Dark minimal techno,Spectral flux high,-1.1871219188839137,0.24865857683077183,22.79206948671158,1.8050904304033007e-06,-1.6744927294722265,-0.6997511082956009
Psytrance,Loudness,0.6807845454768207,0.192907588367973,12.454341013960017,0.00041702147899132794,0.30268567227559356,1.0588834186780478
Psytrance,Dissonance,1.7923580640936563,0.20280541932990637,78.10708614863546,9.760318590273567e-19,1.3948594422070397,2.189856685980273
Psytrance,Dynamic complexity,-0.39105884487530274,0.18088431583479728,4.673932144393137,0.030623735873007197,-0.7455921039115054,-0.036525585839100094
Psytrance,Pitch salience,0.041052769162958566,0.26660128091438795,0.023711577668761606,0.8776210572807543,-0.4814857414292418,0.5635912797551589
Psytrance,Spectral centroid,0.16496929597020485,0.16528611630307424,0.9961700752678718,0.3182390155836295,-0.15899149198382065,0.4889300839242303
Psytrance,Spectral complexity,0.5492070641865803,0.3199688055291332,2.9461642096391887,0.08608165071736647,-0.0779317946505208,1.1763459230236815
Psytrance,Spectral decrease,-0.18051715774272778,0.24197158064122756,0.5565552078067608,0.45565154105272987,-0.6547814557995338,0.2937471403140782
Psytrance,Spectral energyband high,0.14869387326044964,1.1838871272771117,0.015774861391119527,0.9000501342534224,-2.171724896202689,2.469112642723588
Psytrance,Spectral energyband low,0.5580079332423904,0.19192728330073971,8.452930822712451,0.003644556517089951,0.18183045797294056,0.9341854085118402
Psytrance,Spectral energyband middle,-0.6218508343896764,1.2020626631286695,0.26761979088967824,0.6049329240857254,-2.9778936541218686,1.734191985342516
Psytrance,Spectral entropy,-1.8000307063417103,0.3829884875662446,22.089627298294435,2.602120072928119e-06,-2.5506881419715497,-1.0493732707118708
Psytrance,Spectral kurtosis,0.22198656967103497,0.16826926781952123,1.7403788235610695,0.18709083445283317,-0.10782119525522665,0.5517943345972967
Psytrance,Spectral rolloff,-0.2645709412276146,0.32855085886471047,0.6484538469929534,0.42066601253609104,-0.9085306246024472,0.37938874214721796
Psytrance,Spectral skewness,0.045950172807181035,0.3873340608666712,0.014073526001964518,0.90556699692441,-0.7132245864914946,0.8051249321058567
Psytrance,Spectral spread,0.8354750845842699,0.2566006442893515,10.601114394569336,0.001130195199216789,0.332537821777141,1.3384123473913987
Psytrance,Zerocr,0.3921940438875087,0.38287924657013295,1.0492484455436288,0.3056802400956007,-0.3582492793899518,1.1426373671649692
Psytrance,Mfcc1,1.812029661413047,0.39739618615205025,20.791375174912613,5.121308031273148e-06,1.0331331365550287,2.5909261862710657
Psytrance,Mfcc2,0.5399021252620152,0.2665423737878847,4.10296253846002,0.042808141452156646,0.01747907263776116,1.0623251778862692
Psytrance,Mfcc3,-0.5431268132331286,0.19496690048650242,7.760339342508229,0.005340592559867986,-0.9252619381866733,-0.16099168827958388
Psytrance,Mfcc4,0.10918318771871946,0.16348113715382734,0.44604249844530236,0.5042203249217517,-0.21123984110278213,0.429606216540221
Psytrance,Mfcc5,-0.3337856006974159,0.12112674077370701,7.593729659275356,0.0058571651681664505,-0.5711940126138817,-0.09637718878095017
Psytrance,Bpm,0.4473483445631077,0.061037383507831736,53.71552840083786,2.317244936194436e-13,0.3277150728877575,0.5669816162384579
Psytrance,Onset rate,0.7571836073951539,0.07305791330947568,107.41572869045324,3.6093078604936957e-25,0.6139900973085816,0.9003771174817262
Psytrance,Chords changes rate,0.13395868587914908,0.07134455114575722,3.525495275456526,0.06043176747470194,-0.005876634366535072,0.27379400612483323
Psytrance,Chords number rate,-0.029771146148889538,0.07225464273267505,0.16976947024822403,0.6803167680492505,-0.17139024590493265,0.11184795360715358
Psytrance,Key scale,-0.16869688799177185,0.05457369267651236,9.555368945019797,0.0019936543821116076,-0.27566132563773604,-0.06173245034580763
Psytrance,Pulse clarity low,0.42062336667764566,0.17289057042763656,5.918943248593807,0.014978939966650692,0.08175784863947799,0.7594888847158133
Psytrance,Pulse clarity middle,0.2669209648615289,0.08774248445648389,9.254341407172792,0.0023493780877700877,0.09494569532682046,0.4388962343962373
Psytrance,Pulse clarity high,0.181885475443628,0.16976696386892753,1.1478619920325406,0.28399715715537804,-0.15085777373946996,0.5146287246267259
Psytrance,Attack slope low,-0.4676887482839912,0.09848995151553576,22.549140681646897,2.048361366953078e-06,-0.6607290532544413,-0.2746484433135411
Psytrance,Attack slope middle,-0.05732233518952851,0.20167931069429998,0.08078394394111786,0.7762378321356906,-0.45261378415035647,0.33796911377129946
Psytrance,Attack slope high,-0.7284399111662622,0.21595953944708876,11.377390914398623,0.00074343469046878,-1.1517206084825562,-0.3051592138499682
Psytrance,Spectral flatness low,0.3186814485397016,0.249291118299505,1.6341802348482213,0.20112583691468308,-0.16992914332732822,0.8072920404067314
Psytrance,Spectral flatness middle,-0.15480862469991413,0.22905120075516586,0.4567990154990799,0.4991237695100904,-0.6037489781800391,0.29413172878021093
Psytrance,Spectral flatness high,0.16995736415266247,0.11663959340875173,2.123185697346447,0.1450844894032974,-0.05865623892849092,0.39857096723381585
Psytrance,Attack time low,-0.4468248114478633,0.12902983868735107,11.992072705943341,0.0005342733340566427,-0.6997232952750714,-0.1939263276206552
Psytrance,Attack time middle,-0.2926317346424365,0.16340279592191492,3.207184001061981,0.07331556404850449,-0.6129012146493897,0.02763774536451674
Psytrance,Attack time high,-0.0091266436754972,0.08942416562209769,0.010416274031946744,0.9187089322086599,-0.18439800829480868,0.16614472094381427
Psytrance,Spectral flux low,1.5431247828548444,0.1275535052225702,146.35827996722185,1.0839679614590626e-33,1.2931199126186068,1.793129653091082
Psytrance,Spectral flux middle,0.16455489167772006,0.2285048217238255,0.5185980228366912,0.47144033897257054,-0.2833145589009779,0.6124243422564181
Psytrance,Spectral flux high,-0.5757520499941758,0.2562850725297916,5.0468960942664385,0.024670093661943813,-1.0780707921525674,-0.07343330783578428
Progressive house,Loudness,-0.11615680099224858,0.05024136108083926,5.345231180752924,0.02077902791362073,-0.2146298687106935,-0.01768373327380364
Progressive house,Dissonance,-0.6006372425588573,0.12916321535747277,21.62453706496049,3.3158268689101176e-06,-0.853797144659504,-0.34747734045821066
Progressive house,Dynamic complexity,0.3095251736867603,0.13457835017598707,5.289828013089135,0.02145033836021994,0.04575160734182565,0.5732987400316949
Progressive house,Pitch salience,0.04948663517047875,0.24970435605799793,0.03927567095497,0.8429035270868552,-0.4399339027031972,0.5389071730441547
Progressive house,Spectral centroid,0.02772047498695533,0.09065370110598665,0.09350401418995179,0.7597689128572291,-0.14996077918077852,0.20540172915468916
Progressive house,Spectral complexity,-1.4266126221338622,0.3064654464639001,21.669510114309713,3.2389878320445393e-06,-2.0272848972031063,-0.8259403470646179
Progressive house,Spectral decrease,0.25404863752770357,0.19535470296894822,1.6911650640924518,0.19344745927361856,-0.12884658029143492,0.6369438553468421
Progressive house,Spectral energyband high,-0.5220627764217811,0.9733889525262687,0.28765546647463996,0.5917268945694072,-2.429905123373268,1.3857795705297054
Progressive house,Spectral energyband low,-0.1191566776414964,0.17169017448903748,0.4816658845615133,0.4876687068125878,-0.45566941964000984,0.21735606435701704
Progressive house,Spectral energyband middle,0.545732695425657,0.9940258698777837,0.3014147997618864,0.5829968249185113,-1.4025580095347991,2.494023400386113
Progressive house,Spectral entropy,0.37604549391750924,0.31531302554995333,1.4223188126860702,0.23302211467934145,-0.24196803616039925,0.9940590239954177
Progressive house,Spectral kurtosis,0.08179460020552393,0.14041368082638936,0.33933637778750536,0.5602125278995819,-0.1934162142141992,0.35700541462524704
Progressive house,Spectral rolloff,0.2695678582814904,0.3132341461033554,0.7406244041578185,0.38946093260168735,-0.34437106808108625,0.883506784644067
Progressive house,Spectral skewness,0.10194974555600404,0.31589331243899166,0.10415771137766977,0.7468961412942186,-0.5172011468244196,0.7211006379364276
Progressive house,Spectral spread,-0.34774328529060883,0.22638554393933885,2.359500769571176,0.1245220333485101,-0.791458951411713,0.09597238083049531
Progressive house,Zerocr,0.17733924931735182,0.3703982720799618,0.2292301969115175,0.6320952142173974,-0.5486413639593734,0.9033198625940769
Progressive house,Mfcc1,0.6856831481878977,0.30692557275602794,4.9909222258270445,0.02548062526711052,0.08410902558608291,1.2872572707897123
Progressive house,Mfcc2,-0.4617265008475716,0.2263302266021976,4.161831441163366,0.04134467624039957,-0.9053337449878789,-0.01811925670726433
Progressive house,Mfcc3,0.06277327267563049,0.16138385465854121,0.1512966714070611,0.6972992797402418,-0.2535390824551103,0.3790856278063713
Progressive house,Mfcc4,0.14995640115519496,0.13338903559339285,1.2638331803741476,0.2609267670678943,-0.11148610860785504,0.411398910918245
Progressive house,Mfcc5,-0.03450222594743129,0.09677143785785554,0.1271158898338026,0.7214413279372183,-0.22417424414882814,0.15516979225396554
Progressive house,Bpm,-0.31882142972398436,0.055105750986808685,33.47350266272691,7.224150631529732e-09,-0.42682870165812936,-0.21081415778983933
Progressive house,Onset rate,0.18480510372395817,0.06464565690498138,8.172392486369315,0.004253276794518245,0.058099616190194686,0.3115105912577216
Progressive house,Chords changes rate,-0.5102615777457997,0.07982226539503207,40.8636952646758,1.6322537475336303e-10,-0.6667132179200626,-0.3538099375715369
Progressive house,Chords number rate,0.056811604277495834,0.06984886093569201,0.6615389965158223,0.4160171448852057,-0.08009216315646049,0.19371537171145214
Progressive house,Key scale,0.0930222294123689,0.049468497111351144,3.536030927147963,0.06004899330586117,-0.003936024925879342,0.18998048375061716
Progressive house,Pulse clarity low,-0.30450459136188207,0.1446041697393063,4.434310072684433,0.03522345319218814,-0.5879287640509223,-0.021080418672841772
Progressive house,Pulse clarity middle,-0.30747921638990017,0.08936447156946606,11.838638189537408,0.0005801423787944699,-0.48263358066605366,-0.1323248521137467
Progressive house,Pulse clarity high,-0.16503993298043423,0.1342226399978687,1.5119120346496229,0.21884755852734392,-0.4281163073762569,0.09803644141538842
Progressive house,Attack slope low,-0.14961175192747064,0.0912769774942516,2.686636531320626,0.10119321500176547,-0.3285146278162038,0.02929112396126249
Progressive house,Attack slope middle,0.49823220686886666,0.17834478247530006,7.804458558718263,0.00521174797993391,0.14867643321727853,0.8477879805204548
Progressive house,Attack slope high,-0.3213899544425134,0.1856261163501097,2.9976880671622137,0.08338342647219721,-0.6852171424887283,0.04243723360370161
Progressive house,Spectral flatness low,-0.7271215725037627,0.31292858141490165,5.399127663302519,0.020146818884536545,-1.34046159207697,-0.11378155293055547
Progressive house,Spectral flatness middle,0.19235911516120613,0.1702299057121,1.276890994881152,0.2584779034676866,-0.14129150003450985,0.5260097303569221
Progressive house,Spectral flatness high,0.041701664508016455,0.09183191243204859,0.2062146534107097,0.6497506377097224,-0.13828888385879878,0.2216922128748317
Progressive house,Attack time low,-0.3085894305032998,0.11916376780058938,6.7061558287576375,0.009608063081102482,-0.542150415392455,-0.07502844561414462
Progressive house,Attack time middle,0.13650228525914349,0.1215485841613944,1.2611885974680956,0.2614262251798325,-0.10173293969718952,0.3747375102154765
Progressive house,Attack time high,0.017603168959987786,0.0682355078809582,0.06655196121401151,0.7964249141601456,-0.11613842648669029,0.15134476440666586
Progressive house,Spectral flux low,-0.28390790351524564,0.11037104621710782,6.616748793513515,0.010102408793226334,-0.500235154100777,-0.06758065292971432
Progressive house,Spectral flux middle,-0.7527396950692248,0.2026374885668449,13.799077347071579,0.0002034361112444155,-1.1499091726602408,-0.35557021747820877
Progressive house,Spectral flux high,0.4144544737380308,0.22982485831945654,3.2520683269011963,0.07133339078784608,-0.03600224856810402,0.8649111960441656
Dubstep,Loudness,-0.029855571359312286,0.07547544379511083,0.15647300499019068,0.6924247155633818,-0.1777874411977295,0.11807629847910493
Dubstep,Dissonance,-1.0698258367466038,0.17292821195112068,38.27317244927848,6.150238533776097e-10,-1.4087651321708003,-0.7308865413224073
Dubstep,Dynamic complexity,0.3356772918931752,0.15758574531743458,4.537431330132344,0.03316131782580702,0.026809231071003414,0.644545352715347
Dubstep,Pitch salience,-0.03481239027155851,0.3095094491540297,0.012650854550522686,0.9104459841941432,-0.6414509106134567,0.5718261300703398
Dubstep,Spectral centroid,-0.13800162556627668,0.10203466314896044,1.8292494542080866,0.1762162219334073,-0.33798956533823915,0.06198631420568579
Dubstep,Spectral complexity,0.7242885572713836,0.36721848187784184,3.890220215575525,0.04856805488929168,0.004540332790813673,1.4440367817519535
Dubstep,Spectral decrease,0.09205806115741254,0.23721221994294522,0.15060851699374295,0.6979545146804855,-0.3728778899307601,0.5569940122455852
Dubstep,Spectral energyband high,0.2435949889600038,1.2141244740193837,0.04025411407472672,0.8409845519586938,-2.136088980117988,2.623278958037996
Dubstep,Spectral energyband low,-0.6049693612990913,0.20895669250894974,8.382126098059453,0.0037892889807725604,-1.0145244786166328,-0.19541424398154983
Dubstep,Spectral energyband middle,-0.23408124218931103,1.2458467073802184,0.03530238194589236,0.8509634455507482,-2.675940788654539,2.207778304275917
Dubstep,Spectral entropy,0.05742324359502213,0.37764272662873777,0.023121350183141504,0.8791419296763524,-0.6827565005973039,0.7976029877873482
Dubstep,Spectral kurtosis,-0.3529981719893976,0.22806103248403423,2.3957568606347714,0.12166485345887355,-0.7999977956581047,0.09400145167930951
Dubstep,Spectral rolloff,0.46544214373522147,0.41810029243076346,1.2392829243654215,0.2656092965442256,-0.35403442942907487,1.2849187168995178
Dubstep,Spectral skewness,-0.04972115058159479,0.4025189245549561,0.015258425886427278,0.9016913779107933,-0.8386582427093087,0.7392159415461191
Dubstep,Spectral spread,0.32879409233172247,0.2799277788323803,1.3796089880184672,0.2401677621167639,-0.21986435417974287,0.8774525388431877
Dubstep,Zerocr,-1.0956637514143543,0.4856992377155182,5.088851103973868,0.024080139497978378,-2.04763425733677,-0.14369324549193863
Dubstep,Mfcc1,-1.0751637204330882,0.36515105290776995,8.669700371553244,0.003235443845421609,-1.7908597841323173,-0.35946765673385905
Dubstep,Mfcc2,-0.4566108374481263,0.2732190676206003,2.792996684941692,0.0946770263646459,-0.9921202099845028,0.07889853508825023
Dubstep,Mfcc3,-0.4893602150552807,0.2167349704939027,5.09799417242801,0.023953527437197922,-0.91416075722333,-0.06455967288723141
Dubstep,Mfcc4,-0.0493215226983367,0.17382026552482438,0.08051413548829225,0.776601875786466,-0.3900092431269925,0.29136619773031913
Dubstep,Mfcc5,-0.11719294917623965,0.13010402124836307,0.8113748224561219,0.3677140959754679,-0.37219683082303123,0.13781093247055196
Dubstep,Bpm,-0.05594151542375471,0.06486565018038767,0.7437704207777908,0.3884557484112341,-0.18307818977731455,0.07119515892980512
Dubstep,Onset rate,-0.7816224510876335,0.09873418380400822,62.66989543867177,2.4442333857832506e-15,-0.9751414513434896,-0.5881034508317774
Dubstep,Chords changes rate,-0.08486484625392694,0.10373849650007455,0.6692305510641404,0.4133200006070995,-0.28819229939407304,0.11846260688621917
Dubstep,Chords number rate,0.4414490438589661,0.09124071290483846,23.409051716906873,1.3096085772973598e-06,0.26261724656548274,0.6202808411524494
Dubstep,Key scale,0.0681908427324317,0.06969402805259191,0.9573284900656379,0.3278608818363039,-0.06840945225064843,0.20479113771551183
Dubstep,Pulse clarity low,0.32335408348217204,0.21892162543897292,2.1816213324758804,0.13966725896704746,-0.1057323023782149,0.752440469342559
Dubstep,Pulse clarity middle,0.27819376896928794,0.12102068201288402,5.284155685054349,0.021520324430272453,0.04099323222403525,0.5153943057145406
Dubstep,Pulse clarity high,-0.03574626594811363,0.183753890461529,0.037843237095540556,0.8457582591276664,-0.3959038912527105,0.32441135935648324
Dubstep,Attack slope low,0.25136401280353277,0.1207670619055799,4.332207006988517,0.03739772507715945,0.014660571468596173,0.48806745413846936
Dubstep,Attack slope middle,-0.3277408114916705,0.23296212699525035,1.9792032876145915,0.15947436392726433,-0.7843465804023612,0.12886495741902015
Dubstep,Attack slope high,0.09833742228484608,0.2464753657946237,0.1591807696698828,0.6899118846607537,-0.38475429467261635,0.5814291392423085
Dubstep,Spectral flatness low,0.39370816529084135,0.15047590160032281,6.845653853766418,0.008885717200955875,0.09877539815420866,0.688640932427474
Dubstep,Spectral flatness middle,-0.1561746699317612,0.13174947229706935,1.4051523846023735,0.23586279487042802,-0.4144036356340171,0.10205429577049469
Dubstep,Spectral flatness high,0.24419455852100663,0.111665623542035,4.782257683413395,0.028754398325055667,0.025329936378618023,0.46305918066339524
Dubstep,Attack time low,0.9656022171649206,0.13795304951576184,48.992984732140265,2.5687961349420263e-12,0.6952142401140273,1.2359901942158138
Dubstep,Attack time middle,-0.010786070660289757,0.11957702950300307,0.008136375827839118,0.9281268050532275,-0.24515704848617575,0.22358490716559626
Dubstep,Attack time high,-0.012854215143740962,0.08406060803395926,0.023383314718791116,0.8784644880562124,-0.1776130068903011,0.15190457660281917
Dubstep,Spectral flux low,-1.6302707238238845,0.1470267767914558,122.9494488605631,1.4304740015828106e-28,-1.9184432063351378,-1.3420982413126312
Dubstep,Spectral flux middle,0.7280937929244583,0.23516684186853962,9.585670215216751,0.0019610184231563235,0.26716678286212064,1.189020802986796
Dubstep,Spectral flux high,1.3484194951400594,0.281720374239759,22.909390359994,1.6982020661374988e-06,0.7962475616301319,1.900591428649987
